Ticker,Yahoo Score,Reddit Score,Total
LYB,0.97611,0.7955625,0.88583625
PSX,0.98788,0.775785714,0.881832857
TFC,0.984,0.729566667,0.856783333
PM,0.95036,0.7202,0.83528
DD,0.99693,0.646489583,0.821709792
PH,0.89406,0.741616667,0.817838333
ANET,0.99785,0.622375,0.8101125
SJM,0.99467,0.6248,0.809735
AWK,0.99511,0.617125,0.8061175
WRK,0.89579,0.710175,0.8029825
UNP,0.98832,0.61005,0.799185
ELV,0.99838,0.58785,0.793115
BX,0.87076,0.706388889,0.788574444
KMI,0.98172,0.591975,0.7868475
HLT,0.99727,0.55985,0.77856
PEG,0.89276,0.656783333,0.774771667
ROK,0.85757,0.6874,0.772485
MTD,0.88629,0.645733333,0.766011667
CI,0.95712,0.572575,0.7648475
CHD,0.95845,0.564275,0.7613625
HON,0.89436,0.627328571,0.760844286
HOLX,0.87417,0.645733333,0.759951667
MRO,0.99179,0.521666667,0.756728333
ATO,0.89648,0.6168875,0.75668375
TROW,0.79764,0.71122,0.75443
YUM,0.98176,0.52685,0.754305
ED,0.88674,0.61915,0.752945
CAT,0.89911,0.599825,0.7494675
CPRT,0.87239,0.6248,0.748595
TXT,0.99714,0.49082,0.74398
MMM,0.97917,0.5061,0.742635
BWA,0.9931,0.48862,0.74086
LRCX,0.99264,0.4868,0.73972
DUK,0.79182,0.685575,0.7386975
NWSA,0.82996,0.645733333,0.737846667
TDG,0.69054,0.78335,0.736945
FE,0.98139,0.49082,0.736105
IVZ,0.95083,0.51866,0.734745
TSCO,0.79694,0.664533333,0.730736667
KEY,0.78334,0.6772,0.73027
GWW,0.79769,0.6601625,0.72892625
CE,0.77962,0.6767,0.72816
OTIS,0.8935,0.55985,0.726675
EXC,0.84172,0.609766667,0.725743333
EOG,0.99679,0.453933333,0.725361667
D,0.88308,0.564893333,0.723986667
AJG,0.94154,0.5036625,0.72260125
WHR,0.88394,0.55985,0.721895
ACGL,0.98673,0.45375,0.72024
EQIX,0.94742,0.48922,0.71832
IT,0.97559,0.459126667,0.717358333
IPG,0.99052,0.442528571,0.716524286
NEM,0.99851,0.4300625,0.71428625
SRE,0.98938,0.4319,0.71064
USB,0.89839,0.52252,0.710455
FICO,0.884,0.53525,0.709625
AMGN,0.79913,0.6195,0.709315
NI,0.8962,0.520525,0.7083625
HWM,0.98232,0.43395,0.708135
ABBV,0.73444,0.680466667,0.707453333
ROST,0.72639,0.6871,0.706745
ENPH,0.80496,0.608,0.70648
ETR,0.79403,0.617125,0.7055775
VLO,0.79128,0.618357143,0.704818571
MMC,0.79819,0.61005,0.70412
MPC,0.89611,0.51,0.703055
ADM,0.99755,0.404375,0.7009625
PCAR,0.99752,0.404375,0.7009475
VZ,0.84986,0.5511,0.70048
RTX,0.89317,0.5061,0.699635
BKNG,0.95742,0.43395,0.695685
RL,0.86838,0.518542857,0.693461429
OMC,0.89764,0.4868,0.69222
NTRS,0.89689,0.4868,0.691845
CME,0.98728,0.39395,0.690615
TMUS,0.8976,0.4813625,0.68948125
NDAQ,0.89098,0.4868,0.68889
SLB,0.9956,0.380625,0.6881125
ORLY,0.89841,0.47674,0.687575
HRL,0.9974,0.37565,0.686525
DLTR,0.95909,0.407125,0.6831075
EMR,0.89859,0.46476,0.681675
MNST,0.9281,0.43395,0.681025
BDX,0.71567,0.645733333,0.680701667
TMO,0.98913,0.371175,0.6801525
AOS,0.79639,0.560266667,0.678328333
BKR,0.89273,0.4634,0.678065
KLAC,0.86368,0.48922,0.67645
SHW,0.84481,0.5061,0.675455
CHTR,0.63078,0.71122,0.671
SWK,0.69175,0.6414125,0.66658125
LYV,0.8989,0.43395,0.666425
KHC,0.89095,0.43576,0.663355
FANG,0.79719,0.5268,0.661995
DTE,0.79817,0.525282609,0.661726304
WYNN,0.53315,0.779014286,0.656082143
IFF,0.79268,0.51815,0.655415
EXPD,0.97234,0.337433333,0.654886667
EA,0.95975,0.349225,0.6544875
MSCI,0.78405,0.5232,0.653625
JNPR,0.81575,0.49082,0.653285
AIZ,0.61609,0.688383333,0.652236667
TRGP,0.71206,0.5918,0.65193
FTNT,0.86931,0.43395,0.65163
UAL,0.81633,0.4868,0.651565
PWR,0.69897,0.602133333,0.650551667
ECL,0.99825,0.3018,0.650025
IDXX,0.99785,0.3018,0.649825
KMB,0.99765,0.301875,0.6497625
UPS,0.69747,0.6019,0.649685
TEL,0.67515,0.6195,0.647325
SBAC,0.6964,0.5981,0.64725
AIG,0.9634,0.3288,0.6461
HII,0.96833,0.32304,0.645685
CTLT,0.82719,0.4632,0.645195
HPE,0.79548,0.494633333,0.645056667
KIM,0.79634,0.49082,0.64358
PNW,0.79621,0.4905,0.643355
FRT,0.69881,0.586566667,0.642688333
TAP,0.79537,0.48862,0.641995
TSN,0.71051,0.57335,0.64193
J,0.98365,0.299627273,0.641638636
RF,0.84048,0.442528571,0.641504286
EXPE,0.7263,0.552966667,0.639633333
CEG,0.65265,0.6248,0.638725
MO,0.76655,0.5082625,0.63740625
BK,0.80825,0.466211111,0.637230556
ETN,0.79819,0.474825,0.6365075
AES,0.79777,0.474825,0.6362975
MOH,0.89885,0.371175,0.6350125
PLD,0.78239,0.4868,0.634595
AMZN,0.63898,0.629683333,0.634331667
DLR,0.77291,0.49082,0.631865
IR,0.59834,0.662685714,0.630512857
FCX,0.6945,0.562716667,0.628608333
SNPS,0.88362,0.373071429,0.628345714
ILMN,0.77199,0.4843,0.628145
APTV,0.81916,0.43395,0.626555
CRL,0.89595,0.3521,0.624025
TPR,0.6012,0.645733333,0.623466667
GPC,0.67299,0.573628571,0.623309286
AEE,0.88791,0.3521,0.620005
FLT,0.88702,0.3521,0.61956
PODD,0.79816,0.43395,0.616055
MSI,0.79781,0.43395,0.61588
BR,0.79728,0.43395,0.615615
IRM,0.79616,0.43395,0.615055
GEN,0.6942,0.535383333,0.614791667
MET,0.82552,0.4024,0.61396
OKE,0.92547,0.3018,0.613635
HSY,0.64849,0.576811111,0.612650556
AFL,0.69854,0.521666667,0.610103333
MKTX,0.89719,0.32235,0.60977
CNC,0.99889,0.2187,0.608795
PXD,0.71169,0.5042,0.607945
FITB,0.96675,0.248328571,0.607539286
LVS,0.69727,0.5174125,0.60734125
CFG,0.69689,0.516,0.606445
BBWI,0.58531,0.6248,0.605055
PHM,0.99126,0.2187,0.60498
XOM,0.69291,0.516,0.604455
CINF,0.71702,0.49082,0.60392
FI,0.98886,0.2187,0.60378
BAC,0.7874,0.420025,0.6037125
DHR,0.98657,0.2187,0.602635
AZO,0.75378,0.4495,0.60164
FSLR,0.90975,0.2928,0.601275
AVGO,0.75206,0.4495,0.60078
AMP,0.89693,0.3038,0.600365
NOC,0.53498,0.664533333,0.599756667
F,0.77954,0.418385714,0.598962857
CDNS,0.93382,0.26388,0.59885
AON,0.50405,0.693283333,0.598666667
BSX,0.70248,0.49082,0.59665
LDOS,0.89144,0.3018,0.59662
SNA,0.79119,0.400683333,0.595936667
MRK,0.69854,0.49082,0.59468
CNP,0.69833,0.49082,0.594575
CTVA,0.7609,0.426228571,0.593564286
ABT,0.69876,0.4868,0.59278
ES,0.78513,0.39965,0.59239
BAX,0.69248,0.48862,0.59055
ZTS,0.69002,0.4905,0.59026
PPG,0.49858,0.67952,0.58905
RMD,0.69486,0.4828125,0.58883625
APD,0.99655,0.180933333,0.588741667
DXCM,0.68633,0.49082,0.588575
ANSS,0.87488,0.3018,0.58834
AAPL,0.70501,0.470209677,0.587609839
JBHT,0.49409,0.67952,0.586805
BG,0.55466,0.618357143,0.586508571
VICI,0.7966,0.371175,0.5838875
ODFL,0.79383,0.371175,0.5825025
MAR,0.99522,0.1654,0.58031
MCHP,0.99519,0.1654,0.580295
K,0.79798,0.361515385,0.579747692
HUM,0.89834,0.26064,0.57949
TFX,0.54856,0.609766667,0.579163333
MLM,0.65989,0.49805,0.57897
INTC,0.92708,0.23071,0.578895
IQV,0.85361,0.3018,0.577705
HSIC,0.49746,0.654475,0.5759675
CVX,0.37339,0.778355556,0.575872778
COR,0.46398,0.6874,0.57569
NEE,0.76357,0.38565,0.57461
COF,0.52754,0.6194,0.57347
AMD,0.889,0.2571,0.57305
ISRG,0.49865,0.64624,0.572445
MCK,0.77923,0.363133333,0.571181667
ICE,0.99015,0.148,0.569075
AAL,0.52622,0.61005,0.568135
AMT,0.64342,0.49082,0.56712
EPAM,0.69871,0.43395,0.56633
ZBH,0.982,0.1498,0.5659
DOW,0.98965,0.141383333,0.565516667
CHRW,0.69358,0.43576,0.56467
KR,0.97412,0.15422,0.56417
HAL,0.90797,0.2187,0.563335
MCD,0.62839,0.49654,0.562465
T,0.52298,0.600191667,0.561585833
LHX,0.49935,0.618357143,0.558853571
ULTA,0.69214,0.4202,0.55617
LMT,0.74399,0.367375,0.5556825
REGN,0.67681,0.43395,0.55538
FOX,0.6746,0.43395,0.554275
SO,0.80128,0.306155556,0.553717778
FFIV,0.88641,0.2187,0.552555
PAYC,0.41495,0.688383333,0.551666667
ALK,0.49105,0.61005,0.55055
QRVO,0.79877,0.3018,0.550285
AEP,0.39915,0.701275,0.5502125
GS,0.63994,0.459883333,0.549911667
TYL,0.79769,0.3018,0.549745
AME,0.79529,0.3018,0.548545
EIX,0.79491,0.3018,0.548355
OXY,0.74382,0.3528,0.54831
NXPI,0.70045,0.3936,0.547025
CSX,0.56742,0.5253,0.54636
BXP,0.79017,0.3018,0.545985
CBOE,0.79863,0.2902,0.544415
UNH,0.86764,0.22083,0.544235
ALB,0.78592,0.3018,0.54386
PG,0.78102,0.306333333,0.543676667
SCHW,0.41804,0.667,0.54252
TJX,0.62025,0.4632,0.541725
GOOGL,0.57949,0.500285714,0.539887857
KEYS,0.9156,0.163675,0.5396375
PANW,0.45534,0.6204,0.53787
LNT,0.48368,0.5918,0.53774
VTRS,0.87091,0.19945,0.53518
WELL,0.69683,0.37332,0.535075
SYY,0.76477,0.3018,0.533285
SPGI,0.49743,0.5685,0.532965
ALGN,0.69375,0.371175,0.5324625
MGM,0.73163,0.330233333,0.530931667
BBY,0.801566667,0.2551,0.528333333
GILD,0.94421,0.11235,0.52828
NSC,0.58565,0.47052,0.528085
SPG,0.60032,0.45375,0.527035
VFC,0.59567,0.45375,0.52471
CAH,0.60094,0.4474,0.52417
A,0.72551,0.312064815,0.518787407
EXR,0.88559,0.1498,0.517695
RVTY,0.3611,0.66954,0.51532
XRAY,0.99587,0.0332,0.514535
NRG,0.53856,0.4905,0.51453
DFS,0.77675,0.25082,0.513785
TER,0.39707,0.626425,0.5117475
ROL,0.45234,0.570316667,0.511328333
CMI,0.69857,0.32304,0.510805
EQT,0.69751,0.32235,0.50993
VMC,0.39943,0.6194,0.509415
PARA,0.83854,0.179522222,0.509031111
PRU,0.8758,0.141875,0.5088375
EL,0.68274,0.3288,0.50577
WAT,0.85414,0.1498,0.50197
BEN,0.70075,0.3018,0.501275
INCY,0.69859,0.3018,0.500195
WMB,0.69818,0.3018,0.49999
TT,0.69656,0.3018,0.49918
GPN,0.69332,0.3018,0.49756
NFLX,0.6389,0.3558,0.49735
NKE,0.72227,0.2715,0.496885
VTR,0.55906,0.43395,0.496505
FMC,0.95087,0.04112,0.495995
CLX,0.56562,0.4253,0.49546
TRMB,0.68521,0.3018,0.493505
BALL,0.49806,0.48862,0.49334
CDAY,0.68375,0.3018,0.492775
SEE,0.49559,0.48862,0.492105
TRV,0.49582,0.4868,0.49131
V,0.68754,0.29412,0.49083
POOL,0.49836,0.4816,0.48998
DE,0.74933,0.2287,0.489015
PPL,0.59403,0.3819,0.487965
GOOG,0.57949,0.39552,0.487505
VRTX,0.56938,0.3936,0.48149
CDW,0.68929,0.27018,0.479735
MTB,0.45284,0.505933333,0.479386667
CBRE,0.24602,0.71122,0.47862
ABNB,0.63165,0.3216,0.476625
ADSK,0.69523,0.2551,0.475165
TXN,0.55797,0.3909,0.474435
AKAM,0.79785,0.1498,0.473825
PCG,0.45645,0.49082,0.473635
DVA,0.79684,0.1498,0.47332
CMA,0.44618,0.4975,0.47184
PSA,0.48936,0.45375,0.471555
CTSH,0.79922,0.141875,0.4705475
GNRC,0.52363,0.41735,0.47049
XYL,0.7982,0.141875,0.4700375
AXON,0.61038,0.328725,0.4695525
MDT,0.76368,0.171375,0.4675275
BRO,0.89881,0.033975,0.4663925
GD,0.8977,0.030177778,0.463938889
DRI,0.46973,0.4459,0.457815
SYF,0.59912,0.314925,0.4570225
ADBE,0.86194,0.0503,0.45612
SEDG,0.60904,0.3018,0.45542
HIG,0.39823,0.5036625,0.45094625
WM,0.52911,0.371883333,0.450496667
AMAT,0.46313,0.43695,0.45004
GEHC,0.59815,0.3018,0.449975
GRMN,0.59749,0.3018,0.449645
RCL,0.59656,0.299066667,0.447813333
VRSK,0.59247,0.3018,0.447135
WAB,0.39876,0.48922,0.44399
VRSN,0.39574,0.49082,0.44328
RSG,0.49861,0.3862875,0.44244875
STE,0.80166,0.08266,0.44216
BA,0.59721,0.286383333,0.441796667
SWKS,0.66843,0.20795,0.43819
KO,0.67893,0.1925,0.435715
QCOM,0.54195,0.3288,0.435375
PAYX,0.8066,0.06222,0.43441
CVS,0.5921,0.2748,0.43345
INTU,0.8956,-0.028722222,0.433438889
WBD,0.52441,0.341328571,0.432869286
DOV,0.59182,0.27354,0.43268
HST,0.88405,-0.01966,0.432195
BIIB,0.51153,0.3521,0.431815
APH,0.49103,0.371175,0.4311025
ADI,0.53084,0.3301875,0.43051375
LUV,0.36846,0.49082,0.42964
AXP,0.63076,0.22814,0.42945
HES,0.48513,0.371175,0.4281525
GM,0.50356,0.352110345,0.427835172
MRNA,0.41757,0.43395,0.42576
KVUE,0.39822,0.4527375,0.42547875
SBUX,0.62918,0.21819,0.423685
IP,0.38722,0.45890625,0.423063125
INVH,0.39906,0.44425,0.421655
CRM,0.59308,0.2502,0.42164
LIN,0.29868,0.5420375,0.42035875
JKHY,0.4971,0.337433333,0.417266667
TECH,0.19911,0.6352,0.417155
EBAY,0.49237,0.337433333,0.414901667
LLY,0.55117,0.27848,0.414825
WDC,0.5848,0.237666667,0.411233333
WEC,0.19945,0.617125,0.4082875
KDP,0.59744,0.219025,0.4082325
HPQ,0.55855,0.2551,0.406825
XEL,0.09955,0.71122,0.405385
WST,0.39586,0.414785714,0.405322857
NOW,0.69806,0.10696,0.40251
HD,0.46848,0.3346,0.40154
ALLE,0.4993,0.3018,0.40055
URI,0.47871,0.32235,0.40053
ZBRA,0.49761,0.3018,0.399705
CMG,0.30814,0.49082,0.39948
PTC,0.49571,0.3018,0.398755
MS,0.39154,0.405466667,0.398503333
AMCR,0.6975,0.099325,0.3984125
CARR,0.30528,0.49082,0.39805
MA,0.41097,0.38452,0.397745
STX,0.49036,0.300542857,0.395451429
ADP,0.78524,0.00456,0.3949
EQR,0.48711,0.3018,0.394455
CPT,0.29795,0.49082,0.394385
C,0.38917,0.390593333,0.389881667
MDLZ,0.79869,-0.01966,0.389515
ZION,0.29795,0.478133333,0.388041667
CF,0.7755,-0.00138,0.38706
COP,0.57717,0.1965,0.386835
WY,0.26402,0.5036625,0.38384125
DVN,0.61781,0.1498,0.383805
ETSY,0.46303,0.3018,0.382415
JNJ,0.47894,0.28486,0.3819
LKQ,0.19862,0.563416667,0.381018333
EFX,0.39071,0.36795,0.37933
AVB,0.38141,0.371175,0.3762925
CZR,0.4483,0.3018,0.37505
CTAS,0.89728,-0.1481,0.37459
CSGP,0.52788,0.2187,0.37329
CCI,0.32488,0.42115,0.373015
DHI,0.66113,0.08266,0.371895
MOS,0.58603,0.1498,0.367915
UHS,0.29799,0.437128571,0.367559286
WRB,0.88938,-0.1559,0.36674
MAS,0.09988,0.627328571,0.363604286
FIS,0.79387,-0.06688,0.363495
O,0.19777,0.529092308,0.363431154
CTRA,0.19945,0.5268,0.363125
JCI,0.1138,0.609230769,0.361515385
HCA,0.50349,0.2187,0.361095
TSLA,0.41334,0.299075676,0.356207838
ON,0.65011,0.057783333,0.353946667
LH,0.28984,0.414785714,0.352312857
META,0.36257,0.33928,0.350925
HBAN,0.1998,0.50028,0.35004
CL,0.23505,0.462966667,0.349008333
EW,0.39928,0.29694,0.34811
NUE,0.79325,-0.09725,0.348
CCL,0.76593,-0.074166667,0.345881667
ESS,0.19975,0.49082,0.345285
EMN,0.19869,0.49082,0.344755
PNC,0.78988,-0.10252,0.34368
PFE,0.49126,0.1956,0.34343
NVDA,0.3912,0.283270732,0.337235366
TTWO,0.40402,0.26125,0.332635
STZ,0.79794,-0.143566667,0.327186667
LW,0.99759,-0.34586,0.325865
NWS,0,0.645733333,0.322866667
FAST,0.59766,0.0419875,0.31982375
NCLH,0.65314,-0.0187,0.31722
ACN,0.80576,-0.175475,0.3151425
BMY,0.13753,0.49082,0.314175
STLD,0.4989,0.126416667,0.312658333
STT,0.27241,0.349433333,0.310921667
ALL,0.49351,0.127830769,0.310670385
NVR,0.39689,0.2187,0.307795
PEAK,0.091,0.522075,0.3065375
GLW,0.39424,0.2187,0.30647
APA,0.18476,0.42522,0.30499
PFG,0.09885,0.5036625,0.30125625
FDS,0.19375,0.40085,0.2973
MSFT,0.1995,0.393108,0.296304
MHK,0.09937,0.49082,0.295095
GE,0.48275,0.09947,0.29111
CMCSA,0.45447,0.122028571,0.288249286
WBA,0.60254,-0.028666667,0.286936667
HAS,0.19916,0.373014286,0.286087143
MAA,0.19908,0.371175,0.2851275
MCO,0.33028,0.2365,0.28339
CMS,0,0.553666667,0.276833333
WTW,0,0.551,0.2755
PEP,0.48989,0.0524,0.271145
DGX,0.69453,-0.153314286,0.270607857
MPWR,0.49828,0.04112,0.2697
CSCO,0.48681,0.04934,0.268075
FOXA,0.09134,0.43395,0.262645
NTAP,0.55219,-0.028722222,0.261733889
TGT,0.30433,0.195875,0.2501025
BIO,0,0.49082,0.24541
UDR,0,0.49082,0.24541
MTCH,0.28115,0.2012,0.241175
SYK,0.41264,0.0332,0.22292
REG,0,0.43395,0.216975
TDY,0.06202,0.371175,0.2165975
COST,0.29649,0.130788889,0.213639444
RHI,0,0.427066667,0.213533333
JPM,0.57205,-0.159377778,0.206336111
CB,0.34916,0.063463636,0.206311818
WMT,-0.120125,0.53054,0.2052075
PGR,0.87263,-0.462571429,0.205029286
BF.B,0,0.3938,0.1969
IBM,-0.04128,0.4268375,0.19277875
AVY,0,0.371175,0.1855875
GL,0,0.371175,0.1855875
IEX,0,0.371175,0.1855875
VLTO,0,0.371175,0.1855875
DAL,0.87654,-0.509225,0.1836575
PYPL,0.3844,-0.0216875,0.18135625
DIS,0.11783,0.20888,0.163355
FTV,0,0.318857143,0.159428571
RJF,0,0.302985714,0.151492857
BRK.B,0,0.2994,0.1497
L,0,0.297776471,0.148888235
ITW,0.29892,-0.007633333,0.145643333
ROP,0.32132,-0.030575,0.1453725
CAG,0.6009,-0.34586,0.12752
KMX,0.23329,0.01782,0.125555
EVRG,0.1993,0.04862,0.12396
LOW,0.33683,-0.090783333,0.123023333
ARE,0.1853,0.047855556,0.116577778
WFC,0.21028,0.0161,0.11319
PNR,0,0.2187,0.10935
BLK,0.40443,-0.19685,0.10379
MU,0.4987,-0.348042857,0.075328571
PKG,0.30172,-0.1559,0.07291
DPZ,0.60386,-0.509225,0.0473175
MKC,0.49919,-0.5333,-0.017055